event_id,machine_id,timestamp,status,temperature,vibration,units_produced,defect_count
10001,101,100,RUNNING,55.5,3.2,100,2
10002,101,110,RUNNING,85.0,6.0,110,3
10003,102,105,IDLE,45.0,2.1,80,1
10004,101,105,RUNNING,60.0,3.0,105,2
10005,103,90,RUNNING,15.0,4.0,40,1
10006,999,100,RUNNING,45.0,2.0,20,0
10007,102,115,RUNNING,50.0,3.0,90,2
10007,102,120,RUNNING,52.0,3.2,95,2
10008,102,125,ACTIVE,55.0,3.0,100,2
10009,103,100,RUNNING,61.0,4.5,50,2
10010,103,110,RUNNING,55.0,3.5,45,3
10011,103,120,RUNNING,50.0,3.0,60,61
